miRNA_name,LX-2,LX-2A,S-T1,S-T1A,H-T2,H-T2A
hsa-let-7a-2-3p,800,1025,784,1011,452,964
hsa-let-7a-3p,5334,10361,11547,21644,4085,13461
hsa-let-7a-5p,1005991,964075,2496909,1297379,1975198,1229061
hsa-let-7b-3p,594,1159,472,1942,235,394
hsa-let-7b-5p,525777,507572,1203163,743138,802709,640967
hsa-let-7c-3p,0,6,87,279,31,220
hsa-let-7c-5p,1178409,18245,2758643,82327,2035556,108969
hsa-let-7d-3p,5271,14521,18699,19764,7741,16481
hsa-let-7d-5p,64692,82290,358962,126559,209812,152089
hsa-let-7e-3p,1159,1817,3360,2955,525,675
hsa-let-7e-5p,686224,4088,1668285,7035,1281357,9426
hsa-let-7f-1-3p,1476,1769,1787,4276,1196,2634
hsa-let-7f-2-3p,1620,404,2435,1744,916,392
hsa-let-7f-5p,989109,318436,2349118,697192,1869659,466592
hsa-let-7g-3p,367,163,100,258,101,218
hsa-let-7g-5p,120335,126245,103141,230527,273918,219894
hsa-let-7i-3p,1214,1656,2031,2727,3079,5922
hsa-let-7i-5p,181492,203743,472181,429652,977871,1043350
hsa-miR-100-3p,249,256,376,378,250,806
hsa-miR-100-5p,1215,1735,2157,1719,2034,2371
hsa-miR-101-3p,1226,452,350,1475,265,417
hsa-miR-101-5p,29,17,10,28,6,14
hsa-miR-103a-2-5p,92,36,314,30,80,22
hsa-miR-103a-3p,16721,13744,6033,17418,14023,21869
hsa-miR-105-3p,63,45,4,131,0,3
hsa-miR-105-5p,3403,1381,355,4243,5,113
hsa-miR-106a-5p,2782,51,3340,236,1849,84
hsa-miR-106b-3p,2339,1582,650,2417,2985,6776
hsa-miR-106b-5p,1360,595,172,508,1376,1814
hsa-miR-107,11557,275,5383,525,10188,805
hsa-miR-10a-3p,1284,1285,618,1491,400,822
hsa-miR-10a-5p,277,567,378,774,124,176
hsa-miR-10b-3p,4,1,7,27,0,0
hsa-miR-10b-5p,3,91,153,202,0,36
hsa-miR-1178-3p,0,1,2,0,1,0
hsa-miR-1179,212,70,3,2,9,10
hsa-miR-1180-3p,6724,3538,70079,23315,21953,19260
hsa-miR-1180-5p,4,5,8,22,22,21
hsa-miR-1181,1,1,0,0,0,0
hsa-miR-1185-1-3p,254,64,1,0,1,0
hsa-miR-1185-2-3p,243,22,1,0,1,0
hsa-miR-1185-5p,230,264,1,0,1,1
hsa-miR-1197,36,47,3,0,1,0
hsa-miR-122-3p,2,4,0,0,0,10
hsa-miR-1224-3p,0,0,0,0,0,1
hsa-miR-1224-5p,4,3,38,0,63,46
hsa-miR-1225-5p,0,0,25,2,0,0
hsa-miR-122-5p,13,3,16,9,43,36
hsa-miR-1226-3p,7,12,168,80,33,50
hsa-miR-1226-5p,0,2,631,27,17,17
hsa-miR-1227-3p,31,42,159,60,16,16
hsa-miR-1228-3p,11,12,357,35,220,41
hsa-miR-1228-5p,15,13,1045,17,265,53
hsa-miR-1229-3p,2,4,31,40,15,21
hsa-miR-1229-5p,1,0,29,2,7,0
hsa-miR-1233-3p,0,0,2,4,0,2
hsa-miR-1234-3p,4,2,14,32,23,17
hsa-miR-1236-3p,0,0,25,8,0,6
hsa-miR-1237-3p,21,14,52,28,27,17
hsa-miR-1237-5p,0,2,9,2,1,0
hsa-miR-1238-3p,0,0,1,1,0,0
hsa-miR-1243,0,0,0,1,9,18
hsa-miR-124-3p,9,17,21,7,23,7
hsa-miR-1244,0,0,2,0,1,1
hsa-miR-1245a,2,12,0,0,0,0
hsa-miR-1245b-5p,1,3,0,0,0,0
hsa-miR-1246,1,2,1,2,1,0
hsa-miR-1249-3p,1302,388,129,1095,609,613
hsa-miR-1250-5p,6,2,15,171,5,15
hsa-miR-1251-3p,0,0,0,0,1,4
hsa-miR-1251-5p,0,1,0,0,18,44
hsa-miR-1254,147,119,3343,1957,305,531
hsa-miR-1255a,6,1,38,33,69,28
hsa-miR-1255b-2-3p,5,0,1,2,2,0
hsa-miR-1255b-5p,5,5,3,1,1,5
hsa-miR-1256,6,1,5,10,6,1
hsa-miR-1257,12,5,8,7,3,3
hsa-miR-125a-3p,538,631,360,913,131,369
hsa-miR-125a-5p,44366,35479,46487,58545,9043,17677
hsa-miR-125b-1-3p,2756,3219,2132,3053,1532,3297
hsa-miR-125b-2-3p,0,23,1289,1527,494,1346
hsa-miR-125b-5p,45518,14745,8966,14692,12212,16244
hsa-miR-1260a,17009,129129,45954,80090,86537,40035
hsa-miR-1260b,16690,130989,39336,81971,86379,41101
hsa-miR-1261,213,183,565,680,832,610
hsa-miR-1262,81,37,241,28,45,19
hsa-miR-126-3p,22117,27683,41364,60774,34576,32156
hsa-miR-126-5p,1327,877,1191,2938,1632,1051
hsa-miR-1266-3p,0,0,0,11,4,10
hsa-miR-1266-5p,1,5,8,181,55,53
hsa-miR-1267,13,8,0,1,0,0
hsa-miR-1268a,2234,480,17516,5087,4614,1865
hsa-miR-1268b,2234,481,17529,5087,4616,1866
hsa-miR-1269a,14,171,146,9,736,1540
hsa-miR-1269b,7,7,234,742,479,484
hsa-miR-1271-3p,0,0,0,26,1,0
hsa-miR-1271-5p,17,13,2,865,0,28
hsa-miR-1273c,72,79,75,68,20,52
hsa-miR-1273f,3,2,3,4,0,6
hsa-miR-1273h-3p,0,0,1,3,4,13
hsa-miR-127-3p,26667,32969,20,21,138,129
hsa-miR-1275,271,152,608,335,256,216
hsa-miR-127-5p,62,12,0,0,0,0
hsa-miR-1276,14,16,39,70,36,38
hsa-miR-1277-3p,128,89,246,602,264,331
hsa-miR-1277-5p,1,1,2,15,0,4
hsa-miR-1278,29,23,32,6,14,22
hsa-miR-128-1-5p,18,66,40,227,11,188
hsa-miR-1283,4,0,30,111,0,0
hsa-miR-128-3p,4948,2887,7508,7768,4420,9080
hsa-miR-1284,37,49,45,27,75,82
hsa-miR-1285-3p,0,0,0,2,2,0
hsa-miR-1285-5p,375,224,202,244,251,304
hsa-miR-1286,6,2,16,12,0,4
hsa-miR-1287-3p,65,108,62,191,142,287
hsa-miR-1287-5p,259,376,675,940,953,2052
hsa-miR-1288-3p,1,4,14,7,7,12
hsa-miR-129-1-3p,46,1,4,7,3,2
hsa-miR-1292-3p,6,9,51,30,28,17
hsa-miR-129-2-3p,53,34,4,5,2,0
hsa-miR-1292-5p,233,236,1388,668,302,342
hsa-miR-1293,24,20,90,40,967,737
hsa-miR-1294,86,57,30,27,118,141
hsa-miR-129-5p,443,225,68,88,7,9
hsa-miR-1296-3p,5,2,0,1,1,0
hsa-miR-1296-5p,10539,4934,2494,8099,890,567
hsa-miR-1298-5p,0,0,1,0,1,4
hsa-miR-1299,2,4,0,6,14,19
hsa-miR-1301-3p,614,1024,4958,2525,1360,1645
hsa-miR-1302,0,4,5,5,0,0
hsa-miR-1303,17,39,238,613,319,353
hsa-miR-1304-3p,604,562,299,1062,182,469
hsa-miR-1304-5p,54,32,60,96,62,53
hsa-miR-1305,18,2,8,0,0,0
hsa-miR-1306-3p,72,63,206,98,91,59
hsa-miR-1306-5p,323,882,1263,731,541,459
hsa-miR-1307-3p,3582,7666,38866,25257,10014,24486
hsa-miR-1307-5p,2,5,3,8,3,3
hsa-miR-130a-3p,12783,7262,9396,9356,105,178
hsa-miR-130b-3p,1655,895,607,339,6340,1437
hsa-miR-130b-5p,3760,6148,3298,2333,4337,3701
hsa-miR-1322,3,1,0,0,0,0
hsa-miR-1323,0,0,3,1,1,0
hsa-miR-132-3p,21,101,1343,3295,32,260
hsa-miR-132-5p,1823,2060,3917,26047,894,1509
hsa-miR-133a-3p,21,299,28,710,28,148
hsa-miR-133b,6,27,9,20,6,20
hsa-miR-1343-3p,170,76,117,316,35,29
hsa-miR-1343-5p,12,15,282,201,82,53
hsa-miR-134-3p,273,685,0,0,0,0
hsa-miR-134-5p,2752,2435,76,1,0,2
hsa-miR-135a-5p,824,259,363,119,8961,7076
hsa-miR-135b-3p,3,12,52,361,98,42
hsa-miR-135b-5p,855,830,366,18858,8845,2934
hsa-miR-136-3p,975,1010,0,0,1,4
hsa-miR-136-5p,578,175,0,0,2,1
hsa-miR-137,7186,2723,290,3,641,691
hsa-miR-138-1-3p,79,23,78,13,2,0
hsa-miR-138-2-3p,0,1,37,5,0,0
hsa-miR-138-5p,14709,9585,18663,2775,418,128
hsa-miR-139-3p,218,344,220,175,1419,249
hsa-miR-139-5p,1666,2182,994,1769,4916,2573
hsa-miR-1-3p,24,213,18,547,8,68
hsa-miR-140-3p,4113,2087,1948,1634,1759,2266
hsa-miR-140-5p,15772,21978,9124,16341,6638,13627
hsa-miR-141-3p,15,17,117,137,793,624
hsa-miR-141-5p,2,5,21,30,59,185
hsa-miR-142-3p,180,43,5,38,2,18
hsa-miR-142-5p,30,11,3,22,0,3
hsa-miR-143-3p,1154,13693,54,11190,149,5288
hsa-miR-144-3p,1,1,0,1,1,0
hsa-miR-145-3p,20,95,0,76,1,49
hsa-miR-145-5p,127,1126,2,584,3,529
hsa-miR-1468-5p,276,327,146,9,33,101
hsa-miR-146a-3p,8,4,0,0,0,0
hsa-miR-146a-5p,158,465,4,5,59,13
hsa-miR-146b-3p,5,1,0,1,0,3
hsa-miR-146b-5p,4,12,13,2,17,11
hsa-miR-147b,6,3,13,4,24,19
hsa-miR-148a-3p,67,122,4512,11014,787,727
hsa-miR-148a-5p,0,0,1,2,0,0
hsa-miR-148b-3p,932,916,3368,5198,2927,4683
hsa-miR-148b-5p,21,10,20,56,60,84
hsa-miR-149-3p,56,41,35,12,42,33
hsa-miR-149-5p,28553,45056,27846,12674,37326,60200
hsa-miR-150-5p,33,115,63,72,36,98
hsa-miR-151a-3p,2162,4340,10439,4649,5847,15500
hsa-miR-151a-5p,103752,96875,192559,137150,141487,312814
hsa-miR-151b,103308,96383,191377,136332,141049,311293
hsa-miR-152-3p,6406,3462,2711,2646,1044,1288
hsa-miR-152-5p,11,4,2,13,0,2
hsa-miR-153-3p,33,13,23,7,17,8
hsa-miR-153-5p,0,0,1,1,2,3
hsa-miR-1537-3p,277,122,199,58,125,133
hsa-miR-1537-5p,18,3,1,1,1,4
hsa-miR-1538,3,3,26,21,5,7
hsa-miR-154-3p,846,559,13,2,4,1
hsa-miR-154-5p,2115,1803,13,5,0,8
hsa-miR-155-3p,283,233,0,7,0,0
hsa-miR-155-5p,145502,187007,137,4149,14,141
hsa-miR-1587,7,1,22,2,9,0
hsa-miR-15a-3p,226,142,79,154,42,93
hsa-miR-15a-5p,40543,25385,2900,13323,7372,12705
hsa-miR-15b-3p,2390,4181,3604,10076,5880,13278
hsa-miR-15b-5p,42232,35218,8696,49004,30447,44050
hsa-miR-16-1-3p,4,1,0,1,0,0
hsa-miR-16-2-3p,2597,1513,1454,2698,1776,2115
hsa-miR-16-5p,677157,578435,126280,510273,249503,340714
hsa-miR-17-3p,713,313,877,1295,313,478
hsa-miR-17-5p,7325,5463,18761,24738,5399,5500
hsa-miR-181a-2-3p,2308,13565,10564,11993,1016,2657
hsa-miR-181a-3p,1834,2282,496,3,543,3870
hsa-miR-181a-5p,78839,188673,210862,183360,87570,210143
hsa-miR-181b-2-3p,41,110,69,51,24,45
hsa-miR-181b-3p,30,5,36,1,13,17
hsa-miR-181b-5p,23665,73258,189009,94425,72592,76664
hsa-miR-181c-3p,379,276,1643,831,99,145
hsa-miR-181c-5p,3410,5256,27756,19313,1860,3154
hsa-miR-181d-3p,5,3,14,23,1,2
hsa-miR-181d-5p,20107,3146,173102,16188,61957,2560
hsa-miR-182-3p,127,78,139,526,194,676
hsa-miR-182-5p,26420,21875,222970,145447,130024,42515
hsa-miR-1827,4,5,3,12,5,9
hsa-miR-183-3p,179,203,2271,1149,2198,1850
hsa-miR-183-5p,6015,7966,99512,50454,58723,59700
hsa-miR-184,0,2,8,1,0,0
hsa-miR-185-3p,53,10,19,43,37,31
hsa-miR-185-5p,6006,3892,11313,7143,11986,8577
hsa-miR-186-3p,4,0,5,3,1,3
hsa-miR-186-5p,1597,595,1281,4500,1104,1521
hsa-miR-187-3p,6,12,16,17,3,8
hsa-miR-187-5p,0,0,1,2,0,0
hsa-miR-188-3p,11,7,8,28,11,7
hsa-miR-188-5p,95,51,279,331,183,200
hsa-miR-18a-3p,182,65,212,476,105,175
hsa-miR-18a-5p,2083,1832,6214,5687,1442,1453
hsa-miR-18b-5p,1955,11,5881,31,1356,13
hsa-miR-1908-3p,62,82,26,500,31,49
hsa-miR-1908-5p,1373,997,2996,3557,1001,149
hsa-miR-1909-3p,8,2,12,7,14,8
hsa-miR-1909-5p,10,7,16,5,17,5
hsa-miR-190a-3p,516,94,9,62,1,2
hsa-miR-190a-5p,4509,1585,1849,1054,136,65
hsa-miR-190b,28,48,1108,125,218,158
hsa-miR-1910-3p,11,3,1,7,6,9
hsa-miR-1910-5p,34,63,216,355,108,179
hsa-miR-1911-3p,0,0,0,0,17,52
hsa-miR-1913,20,6,0,0,9,9
hsa-miR-191-3p,220,745,1207,2565,274,1699
hsa-miR-1914-3p,10,6,258,29,28,16
hsa-miR-1914-5p,8,18,127,69,5,10
hsa-miR-1915-3p,0,0,24,12,8,3
hsa-miR-1915-5p,7,4,252,70,44,47
hsa-miR-191-5p,175965,207993,305226,519574,156874,264782
hsa-miR-192-3p,98,64,16,30,310,437
hsa-miR-192-5p,22286,25079,5991,30995,194063,379676
hsa-miR-193a-3p,1004,191,148,1810,1789,3277
hsa-miR-193a-5p,995,743,780,4979,3342,2805
hsa-miR-193b-3p,27400,12970,67397,124393,37343,52896
hsa-miR-193b-5p,345,355,4812,1123,826,355
hsa-miR-194-3p,58,54,14,136,221,775
hsa-miR-194-5p,4780,4841,1954,7537,55502,51439
hsa-miR-195-3p,37,192,79,92,15,143
hsa-miR-195-5p,1572,2816,263,667,822,1099
hsa-miR-196a-3p,9,4,48,148,5,1
hsa-miR-196a-5p,14359,27952,112382,503141,4262,11762
hsa-miR-196b-3p,0,1,33,15,4,1
hsa-miR-196b-5p,12623,1218,106885,48544,4807,4746
hsa-miR-1972,0,0,1,0,0,1
hsa-miR-197-3p,9642,5305,1554,13371,3715,3744
hsa-miR-197-5p,218,119,297,152,119,48
hsa-miR-1976,2,3,10,4,4,4
hsa-miR-199a-3p,2601,7222,200,1495,60,1174
hsa-miR-199a-5p,254,1609,17,229,3,210
hsa-miR-199b-3p,2601,7222,200,1495,60,1174
hsa-miR-199b-5p,2,12,8,44,0,6
hsa-miR-19a-3p,13648,313,19201,707,5597,207
hsa-miR-19a-5p,6,0,1,1,2,0
hsa-miR-19b-1-5p,137,83,55,185,20,37
hsa-miR-19b-3p,14664,11410,21374,38364,6092,11282
hsa-miR-200a-3p,9,507,372,376,16628,20058
hsa-miR-200a-5p,0,26,26,18,311,1236
hsa-miR-200b-3p,5,309,276,295,15701,16856
hsa-miR-200b-5p,0,10,24,16,512,737
hsa-miR-200c-3p,172,578,7422,8093,22827,26023
hsa-miR-200c-5p,0,2,54,35,19,131
hsa-miR-202-5p,11,2,6,9,4,5
hsa-miR-203a-3p,8,50,6437,28612,174,543
hsa-miR-203a-5p,0,1,100,236,4,3
hsa-miR-203b-3p,0,0,2,16,0,0
hsa-miR-204-3p,1,0,0,2,0,1
hsa-miR-204-5p,21,41,858,270,37,55
hsa-miR-205-5p,10,8,3,4,5,3
hsa-miR-20a-3p,165,50,73,202,10,51
hsa-miR-20a-5p,11618,8819,53028,42592,9667,10352
hsa-miR-20b-5p,104,37,208,177,58,61
hsa-miR-210-3p,2477,1654,781,485,1377,381
hsa-miR-210-5p,1003,394,484,231,841,48
hsa-miR-2110,1967,2074,10519,4365,2883,1909
hsa-miR-2113,0,0,2,5,0,1
hsa-miR-211-3p,0,0,0,4,0,0
hsa-miR-2114-5p,15,1,0,0,2,5
hsa-miR-2115-3p,0,0,1,0,1,12
hsa-miR-2115-5p,0,0,0,0,2,9
hsa-miR-211-5p,0,7,2,206,0,7
hsa-miR-2116-3p,159,262,508,937,206,353
hsa-miR-2116-5p,14,20,44,48,28,38
hsa-miR-212-3p,139,199,807,12570,399,541
hsa-miR-212-5p,12,4,65,425,10,16
hsa-miR-21-3p,14962,12582,4967,6642,8195,22736
hsa-miR-214-3p,461,772,10,65,9,62
hsa-miR-214-5p,75,181,1,21,0,20
hsa-miR-215-3p,1,0,0,0,5,5
hsa-miR-215-5p,3037,106,877,115,25726,1384
hsa-miR-21-5p,12230292,11648311,5527187,4775175,7978834,11183514
hsa-miR-216a-5p,1,0,1,12,0,0
hsa-miR-216b-5p,0,1,10,13,1,3
hsa-miR-217,0,1,0,0,1,0
hsa-miR-218-1-3p,96,49,1,0,0,3
hsa-miR-218-2-3p,7,1,0,0,0,0
hsa-miR-218-5p,20315,40540,242,392,911,4359
hsa-miR-219a-1-3p,10,19,87,175,7,19
hsa-miR-219a-5p,70,29,128,160,18,29
hsa-miR-219b-3p,2,0,2,0,2,1
hsa-miR-219b-5p,44,42,73,79,55,112
hsa-miR-221-3p,131194,39136,10686,22805,31385,40273
hsa-miR-221-5p,6808,3296,1068,2092,1054,1929
hsa-miR-222-3p,407220,664359,150232,290109,199769,353820
hsa-miR-222-5p,14,15,2,8,1,8
hsa-miR-223-3p,15,13,1,59,2,9
hsa-miR-22-3p,533133,426855,532144,412713,337880,542745
hsa-miR-224-3p,0,28,1496,1676,1253,1795
hsa-miR-224-5p,57,2538,100145,134237,101174,170865
hsa-miR-22-5p,8233,3340,4238,4925,1774,2656
hsa-miR-2276-3p,5,8,12,11,14,18
hsa-miR-2276-5p,1,0,3,1,0,3
hsa-miR-2277-3p,298,167,197,359,68,90
hsa-miR-2277-5p,43,32,34,82,9,24
hsa-miR-2278,180,228,586,159,198,234
hsa-miR-2355-3p,303,182,36,20,35,31
hsa-miR-23a-3p,329905,204095,674848,469112,185038,206085
hsa-miR-23a-5p,11,7,27,3,2,3
hsa-miR-23b-3p,318711,61558,657680,154109,215803,156935
hsa-miR-23b-5p,191,793,1139,2459,661,2829
hsa-miR-23c,10121,70,40708,167,26184,122
hsa-miR-24-1-5p,135,113,223,259,199,308
hsa-miR-24-2-5p,816,571,3716,3026,755,1102
hsa-miR-24-3p,184351,241923,400471,912861,172134,222816
hsa-miR-2467-3p,1,0,7,1,4,2
hsa-miR-2467-5p,8,0,21,11,11,17
hsa-miR-25-3p,19164,20839,5118,21231,21113,54425
hsa-miR-25-5p,7312,1911,733,3192,1180,3127
hsa-miR-2682-3p,763,308,56,1,143,184
hsa-miR-2682-5p,152,68,0,0,17,21
hsa-miR-26a-1-3p,66,106,76,214,20,87
hsa-miR-26a-2-3p,236,295,114,340,141,391
hsa-miR-26a-5p,425825,400195,227125,405506,147220,263646
hsa-miR-26b-3p,120,324,406,1143,555,695
hsa-miR-26b-5p,40285,35864,59494,69149,53847,49411
hsa-miR-27a-3p,546799,307019,835469,826801,204033,401682
hsa-miR-27a-5p,3958,3246,6497,10620,2411,8110
hsa-miR-27b-3p,388542,92479,724580,172020,193185,228595
hsa-miR-27b-5p,922,1196,1960,2866,916,6137
hsa-miR-28-3p,3018,4567,1233,2219,3526,2722
hsa-miR-28-5p,18337,24324,7786,13723,17177,19207
hsa-miR-296-3p,3210,2155,129,810,3,18
hsa-miR-296-5p,10014,3630,93,4207,2,65
hsa-miR-297,0,0,0,2,0,1
hsa-miR-299-3p,3890,1626,7,1,3,1
hsa-miR-299-5p,787,392,3,0,0,0
hsa-miR-29a-3p,1654,1549,209,358,1188,1682
hsa-miR-29a-5p,2640,924,336,312,1260,1596
hsa-miR-29b-1-5p,6645,4843,2877,1792,2008,9478
hsa-miR-29b-2-5p,146,78,438,611,523,445
hsa-miR-29b-3p,30511,4447,2571,5787,15087,24964
hsa-miR-29c-3p,3867,145,524,614,2966,583
hsa-miR-29c-5p,1983,2267,1685,8336,2950,5054
hsa-miR-301a-3p,1041,1136,8399,2618,2016,2067
hsa-miR-301a-5p,11,9,8,38,35,9
hsa-miR-301b-3p,137,197,187,124,246,252
hsa-miR-301b-5p,1,0,0,2,5,3
hsa-miR-302a-3p,8,3,11,0,0,0
hsa-miR-302a-5p,0,1,1,0,1,0
hsa-miR-302b-3p,8,1,11,1,0,1
hsa-miR-302c-3p,3,0,5,0,0,1
hsa-miR-302d-3p,10,1,6,0,0,0
hsa-miR-3064-3p,4,4,0,24,7,13
hsa-miR-3064-5p,23,25,157,52,44,51
hsa-miR-3065-3p,10,18,158,75,107,155
hsa-miR-3065-5p,6,14,390,47,261,178
hsa-miR-3074-3p,71,39,90,85,12,13
hsa-miR-3074-5p,30,24,7,20,3,11
hsa-miR-30a-3p,3922,4009,4653,15312,443,793
hsa-miR-30a-5p,50782,10362,141983,51560,81491,2462
hsa-miR-30b-3p,720,354,914,909,784,629
hsa-miR-30b-5p,16522,6200,10266,19365,24800,16457
hsa-miR-30c-1-3p,162,126,83,366,67,139
hsa-miR-30c-2-3p,796,618,1883,2544,78,105
hsa-miR-30c-5p,5947,4125,9520,20865,6019,4366
hsa-miR-30d-3p,406,544,848,1796,651,1574
hsa-miR-30d-5p,46518,15422,141962,50142,84706,39294
hsa-miR-30e-3p,3356,1476,2650,2669,301,1004
hsa-miR-30e-5p,25842,1536,48580,4071,5036,1383
hsa-miR-3115,9,5,109,41,40,22
hsa-miR-3117-3p,69,59,1,0,4,1
hsa-miR-3118,0,0,2,3,1,3
hsa-miR-3121-3p,14,6,63,10,8,3
hsa-miR-3121-5p,7,3,5,5,3,3
hsa-miR-3122,2,1,0,0,0,2
hsa-miR-3124-3p,0,1,3,2,2,1
hsa-miR-3124-5p,26,17,21,49,10,32
hsa-miR-3126-3p,24,59,122,105,1,1
hsa-miR-3126-5p,33,29,102,101,0,1
hsa-miR-3127-3p,13,20,71,57,15,11
hsa-miR-3127-5p,46,24,60,64,32,16
hsa-miR-3128,4,0,1,4,6,5
hsa-miR-3129-3p,124,143,39,1,5,6
hsa-miR-3130-3p,178,80,25,7,9,14
hsa-miR-3130-5p,132,199,102,121,77,148
hsa-miR-3131,3,1,61,3,0,1
hsa-miR-3132,2,3,6,0,0,0
hsa-miR-3134,30,19,23,15,14,13
hsa-miR-3135a,2,1,1,3,0,0
hsa-miR-3135b,0,0,2,2,0,1
hsa-miR-3136-3p,21,4,1,6,7,4
hsa-miR-3136-5p,69,34,13,38,23,20
hsa-miR-3137,1,1,4,1,11,11
hsa-miR-3138,120,64,72,29,50,39
hsa-miR-3139,3,3,19,7,5,12
hsa-miR-31-3p,51411,14240,17923,9531,6770,11260
hsa-miR-3140-3p,22,9,35,8,42,32
hsa-miR-3140-5p,1,0,0,0,5,1
hsa-miR-3141,13,1,0,2,3,4
hsa-miR-3143,6,4,23,43,25,3
hsa-miR-3144-3p,4,6,0,5,20,40
hsa-miR-3144-5p,0,1,0,1,17,5
hsa-miR-3145-3p,1,0,3,2,18,9
hsa-miR-3146,5,7,58,18,34,22
hsa-miR-3148,32,6,1,1,8,3
hsa-miR-3149,3,0,9,1,6,7
hsa-miR-3150a-3p,39,17,64,16,19,23
hsa-miR-3150a-5p,58,28,55,16,12,32
hsa-miR-3150b-5p,1,0,0,1,0,3
hsa-miR-3152-3p,3,1,0,0,0,0
hsa-miR-3152-5p,103,92,6,10,3,0
hsa-miR-3155a,2,1,0,1,1,0
hsa-miR-3155b,2,0,0,1,1,0
hsa-miR-3157-3p,28,20,8,12,10,27
hsa-miR-3157-5p,191,147,56,82,40,206
hsa-miR-3158-3p,64,20,8,15,5,10
hsa-miR-3159,0,0,7,1,3,3
hsa-miR-31-5p,363803,80145,119206,16292,55893,52186
hsa-miR-3161,11,4,0,0,0,0
hsa-miR-3162-3p,1,1,1,1,8,0
hsa-miR-3162-5p,6,2,4,4,9,2
hsa-miR-3163,11,3,54,11,8,7
hsa-miR-3164,10,12,27,9,20,23
hsa-miR-3165,19,1,3,5,4,8
hsa-miR-3166,0,0,0,0,2,16
hsa-miR-3167,20,6,0,0,0,0
hsa-miR-3170,4,4,0,4,0,0
hsa-miR-3173-3p,33,7,39,3,13,3
hsa-miR-3173-5p,158,202,218,160,93,174
hsa-miR-3174,3,6,32,15,47,47
hsa-miR-3175,0,0,8,1,7,2
hsa-miR-3176,17,3,90,19,118,93
hsa-miR-3177-3p,66,38,346,145,201,116
hsa-miR-3177-5p,6,16,102,18,18,33
hsa-miR-3179,31,10,26,27,45,50
hsa-miR-3180,44,11,89,35,49,41
hsa-miR-3180-3p,44,11,89,35,49,41
hsa-miR-3180-5p,16,6,11,6,6,12
hsa-miR-3181,1,3,0,3,0,1
hsa-miR-3184-3p,0,1,0,3,0,0
hsa-miR-3186-3p,0,0,0,10,3,7
hsa-miR-3186-5p,0,0,0,45,33,63
hsa-miR-3187-3p,179,164,5227,586,353,293
hsa-miR-3187-5p,6,1,5,2,3,2
hsa-miR-3188,4,2,108,25,17,15
hsa-miR-3189-3p,0,0,21,18,11,52
hsa-miR-3189-5p,0,1,7,2,4,4
hsa-miR-3190-3p,1,2,71,10,9,19
hsa-miR-3190-5p,0,0,7,4,3,12
hsa-miR-3191-3p,2,0,27,7,7,10
hsa-miR-3191-5p,5,6,7,11,1,19
hsa-miR-3192-5p,7,19,19,7,14,16
hsa-miR-3194-3p,7,0,3,5,3,2
hsa-miR-3194-5p,0,0,7,3,3,8
hsa-miR-3198,0,4,26,11,20,7
hsa-miR-3199,56,27,8,14,9,10
hsa-miR-3200-3p,48,46,548,102,52,65
hsa-miR-3200-5p,10,8,1253,27,24,22
hsa-miR-3202,3,0,2,0,3,1
hsa-miR-320a,40005,30247,228963,116679,144580,59093
hsa-miR-320b,23125,1415,162261,11407,105321,9717
hsa-miR-320c,2053,605,29954,6276,13516,6061
hsa-miR-320d,662,230,14706,2933,6355,3155
hsa-miR-320e,663,7,14395,145,6082,87
hsa-miR-323a-3p,2834,5472,69,5,19,2
hsa-miR-323a-5p,77,274,30,1,1,0
hsa-miR-323b-3p,322,671,4,1,0,1
hsa-miR-32-3p,461,563,520,1641,376,1248
hsa-miR-324-3p,1725,938,1101,1953,1796,2462
hsa-miR-324-5p,621,306,1354,654,1080,1520
hsa-miR-32-5p,8119,4030,2623,5315,3393,6575
hsa-miR-326,223,85,48,458,160,351
hsa-miR-328-3p,231,616,922,1224,1808,2269
hsa-miR-328-5p,7,1,37,0,9,3
hsa-miR-329-3p,734,119,0,0,0,0
hsa-miR-329-5p,44,82,4,0,0,0
hsa-miR-330-3p,196,185,6850,3007,1350,1225
hsa-miR-330-5p,80,115,3029,1677,1200,1726
hsa-miR-331-3p,287,153,178,607,713,734
hsa-miR-331-5p,75,27,184,107,148,181
hsa-miR-335-3p,2794,2267,84,2647,1815,1504
hsa-miR-335-5p,21802,5801,102,1409,1034,1051
hsa-miR-337-3p,5449,15059,0,2,48,32
hsa-miR-337-5p,1465,466,0,0,3,3
hsa-miR-338-3p,6,11,26,3433,4,81
hsa-miR-338-5p,5,30,151,10817,7,242
hsa-miR-339-3p,3205,1180,2811,1635,1545,3670
hsa-miR-339-5p,532,1124,117,1617,675,1082
hsa-miR-33a-3p,224,93,86,199,36,60
hsa-miR-33a-5p,25134,15081,23082,22597,11074,11808
hsa-miR-33b-3p,448,425,970,4041,458,2930
hsa-miR-33b-5p,5,18,19,40,81,94
hsa-miR-340-3p,423,1439,2030,2860,1115,1892
hsa-miR-340-5p,6268,3045,6924,7344,7898,4907
hsa-miR-342-3p,3,23,134,33,15,30
hsa-miR-342-5p,80,181,3394,274,151,243
hsa-miR-345-3p,2,1,6,2,0,3
hsa-miR-345-5p,10546,8832,93069,5070,7834,11066
hsa-miR-34a-3p,261,72,61,113,41,41
hsa-miR-34a-5p,78833,77068,60120,161883,73615,76724
hsa-miR-34b-3p,946,5206,10,6,7,0
hsa-miR-34b-5p,1821,2445,3,1,0,1
hsa-miR-34c-3p,1540,3331,6,2,1,1
hsa-miR-34c-5p,1218,1566,0,3,0,2
hsa-miR-3529-3p,2,2,0,0,0,1
hsa-miR-3529-5p,5,2,1,0,10,16
hsa-miR-3591-3p,3,1,0,0,0,0
hsa-miR-3591-5p,159,116,45,0,0,2
hsa-miR-3605-3p,65,148,169,232,357,640
hsa-miR-3605-5p,11,30,195,25,124,99
hsa-miR-3609,6,0,0,0,0,2
hsa-miR-3610,0,1,0,2,0,6
hsa-miR-3611,93,14,2,15,19,18
hsa-miR-3613-3p,772,326,163,153,177,45
hsa-miR-3613-5p,14781,16669,13379,11253,4978,3608
hsa-miR-361-3p,102,51,34,117,104,118
hsa-miR-3614-3p,1,0,7,3,4,17
hsa-miR-3615,1680,839,4788,3104,984,1613
hsa-miR-361-5p,4816,1930,6365,5246,5416,4484
hsa-miR-3617-3p,8,17,0,1,61,16
hsa-miR-3617-5p,4,2,0,0,2,1
hsa-miR-3619-3p,57,25,121,26,19,18
hsa-miR-3619-5p,59,9,16,32,26,16
hsa-miR-3620-3p,3,1,13,9,1,1
hsa-miR-3620-5p,33,14,456,46,76,12
hsa-miR-3622a-3p,7,14,431,90,3,2
hsa-miR-3622a-5p,9,19,424,111,5,0
hsa-miR-3622b-3p,1,0,2,2,0,0
hsa-miR-362-3p,132,18,14,64,21,25
hsa-miR-362-5p,1965,618,2960,3471,1707,1728
hsa-miR-363-3p,0,0,0,1,2,6
hsa-miR-3646,0,0,10,7,8,1
hsa-miR-3652,1,3,1,2,0,11
hsa-miR-3654,0,1,1,0,0,0
hsa-miR-3655,1,0,0,1,0,1
hsa-miR-3659,7,3,2,1,0,0
hsa-miR-365a-3p,583,251,382,2663,2572,1547
hsa-miR-365a-5p,77,85,2674,268,224,161
hsa-miR-365b-3p,583,251,382,2663,2572,1547
hsa-miR-365b-5p,36,48,186,798,492,703
hsa-miR-3660,0,3,0,3,138,128
hsa-miR-3661,331,285,671,48,77,22
hsa-miR-3662,39,20,38,30,23,30
hsa-miR-3663-3p,6,0,0,3,1,1
hsa-miR-3663-5p,2,0,1,5,0,1
hsa-miR-3664-3p,100,23,29,27,28,12
hsa-miR-3675-5p,0,0,4,2,0,0
hsa-miR-3677-3p,1,6,1,3,4,8
hsa-miR-3677-5p,4,3,7,4,6,5
hsa-miR-3678-3p,0,1,0,0,1,0
hsa-miR-3679-3p,0,2,1,1,4,1
hsa-miR-3679-5p,122,75,2459,178,1202,255
hsa-miR-3680-3p,11,0,9,3,12,13
hsa-miR-3680-5p,11,3,36,12,19,29
hsa-miR-3681-5p,5,2,0,0,0,0
hsa-miR-3682-3p,9,15,17,43,28,17
hsa-miR-3682-5p,1,0,1,12,5,6
hsa-miR-3684,24,12,9,10,13,10
hsa-miR-3685,1,0,3,4,4,4
hsa-miR-3687,6,6,11,22,9,24
hsa-miR-3688-3p,23,11,8,14,6,33
hsa-miR-3688-5p,5,2,0,0,4,3
hsa-miR-3689a-5p,0,0,1,0,1,1
hsa-miR-3689b-5p,0,0,1,0,1,1
hsa-miR-3689e,0,0,1,0,1,1
hsa-miR-3690,0,0,112,74,0,2
hsa-miR-3691-3p,6,2,3,2,0,7
hsa-miR-3691-5p,36,18,298,48,101,53
hsa-miR-369-3p,3978,2669,13,1,6,6
hsa-miR-369-5p,26,15,0,0,0,0
hsa-miR-370-3p,1605,1519,0,1,1,2
hsa-miR-370-5p,49,137,0,0,0,0
hsa-miR-371b-5p,1,0,0,0,0,1
hsa-miR-373-3p,0,1,0,0,3,3
hsa-miR-374a-3p,371,491,715,1006,252,709
hsa-miR-374a-5p,2143,1040,611,1853,1027,1867
hsa-miR-374b-3p,364,499,671,1320,379,661
hsa-miR-374b-5p,13791,5151,17559,9018,8147,7000
hsa-miR-374c-3p,4,1,3,1,5,2
hsa-miR-374c-5p,66,2,21,24,38,16
hsa-miR-375,9,44,223,151,81,123
hsa-miR-376a-2-5p,55,49,0,0,1,0
hsa-miR-376a-3p,14961,5996,212,5,47,9
hsa-miR-376a-5p,22,5,0,0,0,0
hsa-miR-376b-3p,11173,8541,208,6,42,26
hsa-miR-376b-5p,470,307,2,1,2,1
hsa-miR-376c-3p,48934,33983,251,15,53,17
hsa-miR-376c-5p,473,472,2,1,2,1
hsa-miR-377-3p,2230,925,0,0,4,2
hsa-miR-377-5p,248,282,2,0,1,0
hsa-miR-378a-3p,6543,6225,779210,46830,18451,22763
hsa-miR-378a-5p,237,140,3257,1343,273,576
hsa-miR-378b,2,3,784,12,15,3
hsa-miR-378c,1201,88,143777,649,3313,490
hsa-miR-378d,88,10,7906,50,297,31
hsa-miR-378f,87,10,7560,69,283,29
hsa-miR-378g,105,14,8504,100,322,46
hsa-miR-378h,1,3,318,23,6,9
hsa-miR-378i,1399,158,156888,1029,3603,462
hsa-miR-379-3p,4811,2380,21,1,9,10
hsa-miR-379-5p,23514,40032,527,12,24,38
hsa-miR-380-3p,40,29,0,0,0,0
hsa-miR-380-5p,51,52,1,0,0,0
hsa-miR-381-3p,19139,8013,41,1,5,4
hsa-miR-381-5p,1441,994,1,0,0,0
hsa-miR-382-3p,1071,582,5,0,1,1
hsa-miR-382-5p,3448,3592,13,2,4,3
hsa-miR-384,0,1,2,0,0,0
hsa-miR-3907,0,0,1,4,3,0
hsa-miR-3909,281,113,50,126,133,275
hsa-miR-3910,2,1,0,0,0,0
hsa-miR-3911,2,1,30,87,4,15
hsa-miR-3912-3p,109,103,97,171,59,89
hsa-miR-3912-5p,3,2,2,4,1,1
hsa-miR-3913-3p,3,3,4,2,1,5
hsa-miR-3913-5p,17,39,20,53,47,91
hsa-miR-3916,3,0,5,3,6,1
hsa-miR-3917,1,6,4,2,0,1
hsa-miR-3918,10,9,11,0,8,7
hsa-miR-3922-3p,0,1,8,3,0,0
hsa-miR-3922-5p,3,2,31,8,14,3
hsa-miR-3923,13,9,0,0,0,0
hsa-miR-3925-3p,0,0,1,18,1,1
hsa-miR-3928-3p,22,6,59,22,9,16
hsa-miR-3928-5p,6,5,17,9,1,6
hsa-miR-3929,3,1,50,0,11,66
hsa-miR-3934-3p,1,0,0,2,0,6
hsa-miR-3934-5p,13,5,0,19,25,4
hsa-miR-3935,8,3,150,91,0,2
hsa-miR-3936,3,4,31,8,4,1
hsa-miR-3938,1,1,0,1,0,0
hsa-miR-3939,9,25,59,47,13,36
hsa-miR-3940-3p,2,1,0,1,1,0
hsa-miR-3940-5p,43,18,45,12,38,19
hsa-miR-3941,4,3,0,5,3,1
hsa-miR-3942-3p,2,1,3,0,4,2
hsa-miR-3943,16,1,0,15,1,0
hsa-miR-3944-3p,32,14,114,62,27,65
hsa-miR-3944-5p,32,30,200,54,53,104
hsa-miR-3960,2,0,0,0,0,1
hsa-miR-409-3p,6955,12370,15,3,2,10
hsa-miR-409-5p,202,201,1,0,0,0
hsa-miR-410-3p,1023,1250,30,0,3,7
hsa-miR-411-3p,4201,4435,20,0,6,12
hsa-miR-411-5p,1058,1909,4,2,0,4
hsa-miR-412-3p,12,32,1,0,0,0
hsa-miR-412-5p,109,355,2,1,0,1
hsa-miR-421,854,806,10457,2739,4005,1732
hsa-miR-422a,3,10,1042,87,49,33
hsa-miR-423-3p,1611,1668,1241,3344,1262,1712
hsa-miR-423-5p,38046,25505,24151,30055,19373,25426
hsa-miR-424-3p,22448,19075,16269,8396,182,190
hsa-miR-424-5p,120768,80572,12142,29496,283,684
hsa-miR-425-3p,945,884,1268,3158,1709,2584
hsa-miR-4254,7,1,2,0,0,2
hsa-miR-425-5p,18193,18063,66272,41474,44950,43798
hsa-miR-4286,9,30,1,35,13,8
hsa-miR-429,4,153,142,117,11024,9230
hsa-miR-4306,0,0,0,2,4,2
hsa-miR-431-5p,1110,1622,2,3,20,18
hsa-miR-432-3p,8,33,0,0,0,0
hsa-miR-432-5p,758,1222,0,0,13,3
hsa-miR-4326,172,115,268,259,81,101
hsa-miR-433-3p,225,119,1,0,0,3
hsa-miR-433-5p,9,13,0,0,0,0
hsa-miR-4421,5,2,31,2,1,8
hsa-miR-4422,3,3,12,9,4,10
hsa-miR-4423-5p,67,108,3,2,0,0
hsa-miR-4425,1,2,5,28,0,0
hsa-miR-4426,0,0,0,0,0,1
hsa-miR-4427,0,0,6,8,0,0
hsa-miR-4429,240,1,7220,9,2757,11
hsa-miR-4433b-3p,0,1,0,0,2,1
hsa-miR-4433b-5p,4,1,0,3,6,1
hsa-miR-4435,160,101,818,189,240,290
hsa-miR-4436b-3p,0,2,0,0,54,36
hsa-miR-4436b-5p,0,0,1,0,45,58
hsa-miR-4439,1,0,0,0,0,1
hsa-miR-4440,27,18,480,153,106,148
hsa-miR-4443,52,15,10,55,123,12
hsa-miR-4444,0,0,0,0,4,2
hsa-miR-4446-3p,0,1,0,13,65,34
hsa-miR-4449,0,0,0,2,1,1
hsa-miR-4450,0,0,1,0,1,3
hsa-miR-4451,1,2,3,0,0,1
hsa-miR-4454,82,746,957,5353,437,579
hsa-miR-4455,0,0,3,9,0,0
hsa-miR-4458,2,4,13,10,0,4
hsa-miR-4461,7,18,7,9,3,11
hsa-miR-4463,0,1,5,0,0,2
hsa-miR-4466,11,3,122,14,144,54
hsa-miR-4467,0,7,24,16,708,499
hsa-miR-4470,0,0,16,1,18,22
hsa-miR-4473,33,25,1120,307,30,26
hsa-miR-4474-3p,21,19,143,82,12,5
hsa-miR-4477a,0,2,0,2,1,0
hsa-miR-4477b,3,0,1,0,2,1
hsa-miR-4478,22,12,0,0,3,21
hsa-miR-4479,0,3,15,12,5,9
hsa-miR-448,0,0,0,0,22,79
hsa-miR-4480,0,0,0,7,1,0
hsa-miR-4482-3p,40,24,51,31,3,8
hsa-miR-4482-5p,62,40,23,38,3,6
hsa-miR-4484,108,90,49,250,78,66
hsa-miR-4485-3p,0,2,0,1,22,1
hsa-miR-4489,0,0,15,0,5,1
hsa-miR-4498,0,0,6,3,5,6
hsa-miR-449a,1078,1351,24,682,504,358
hsa-miR-449b-3p,5,20,0,6,1,1
hsa-miR-449b-5p,78,48,1,63,50,33
hsa-miR-449c-5p,90,49,7,39,33,22
hsa-miR-4501,0,0,46,30,1,0
hsa-miR-4502,4,6,38,2,8,3
hsa-miR-4504,2,0,19,3,5,1
hsa-miR-4507,6,3,14,5,12,5
hsa-miR-450a-1-3p,67,64,66,65,1,1
hsa-miR-450a-2-3p,148,104,89,109,1,1
hsa-miR-450a-5p,3335,3380,1580,2691,42,62
hsa-miR-450b-3p,11,8,7,10,0,1
hsa-miR-450b-5p,749,533,396,564,3,14
hsa-miR-4510,26,36,104,107,93,136
hsa-miR-4511,2,5,3,6,4,2
hsa-miR-4512,2,6,14,6,4,12
hsa-miR-4517,49,14,14,18,39,6
hsa-miR-451a,414,712,244,597,148,622
hsa-miR-4521,3763,1414,7359,1203,140,164
hsa-miR-4522,1,0,0,0,0,1
hsa-miR-4523,4,5,13,0,2,4
hsa-miR-4524a-3p,1,0,0,0,1,2
hsa-miR-4524a-5p,4,0,0,0,0,1
hsa-miR-4525,122,69,154,168,24,35
hsa-miR-452-5p,1,14,372,1213,849,964
hsa-miR-4536-3p,4,8,0,0,0,3
hsa-miR-4536-5p,2,2,0,0,0,0
hsa-miR-454-3p,10058,8314,13365,14593,7120,6797
hsa-miR-454-5p,153,91,268,239,112,163
hsa-miR-455-3p,2481,2932,478,3842,3680,5372
hsa-miR-455-5p,7,3,6,17,35,21
hsa-miR-4632-3p,1,0,0,4,2,1
hsa-miR-4635,3,3,2,0,6,1
hsa-miR-4636,61,31,13,18,0,0
hsa-miR-4637,0,1,4,0,0,0
hsa-miR-4638-3p,2,10,88,41,4,10
hsa-miR-4638-5p,2,0,8,8,0,1
hsa-miR-4640-3p,2,5,76,17,4,17
hsa-miR-4640-5p,0,0,87,3,3,6
hsa-miR-4641,0,3,8,4,0,1
hsa-miR-4642,4,4,4,0,2,4
hsa-miR-4644,2,1,5,0,1,1
hsa-miR-4645-3p,3,7,25,28,13,14
hsa-miR-4645-5p,2,1,0,1,2,1
hsa-miR-4646-3p,0,0,1,2,0,0
hsa-miR-4647,1,2,20,15,10,12
hsa-miR-4649-3p,1,1,0,0,0,0
hsa-miR-4649-5p,3,6,0,0,0,0
hsa-miR-4652-3p,0,2,1,5,14,24
hsa-miR-4652-5p,0,1,4,7,22,29
hsa-miR-4653-3p,3,2,0,1,14,11
hsa-miR-4654,9,2,9,13,9,20
hsa-miR-4655-5p,3,2,65,4,30,7
hsa-miR-4657,0,0,20,1,2,0
hsa-miR-4658,0,1,3,3,5,5
hsa-miR-4659a-3p,71,22,241,67,62,54
hsa-miR-4659b-3p,6,0,22,1,15,0
hsa-miR-466,0,0,9,25,0,1
hsa-miR-4660,0,1,10,22,11,2
hsa-miR-4661-3p,2,3,4,5,0,4
hsa-miR-4661-5p,6,3,14,14,13,35
hsa-miR-4662a-3p,1,0,0,0,10,4
hsa-miR-4662a-5p,10,24,0,0,45,88
hsa-miR-4662b,1,1,0,0,9,3
hsa-miR-4663,0,0,0,0,1,1
hsa-miR-4664-3p,0,0,12,78,49,96
hsa-miR-4664-5p,0,1,29,64,51,78
hsa-miR-4665-5p,5,0,4,12,0,6
hsa-miR-4667-3p,0,1,1,0,1,4
hsa-miR-4667-5p,0,0,2,3,3,2
hsa-miR-4669,0,0,3,1,102,41
hsa-miR-4670-3p,10,1,3,5,3,5
hsa-miR-4670-5p,0,1,2,2,1,3
hsa-miR-4671-3p,0,0,18,127,0,3
hsa-miR-4671-5p,0,0,3,28,0,1
hsa-miR-4672,0,1,0,2,6,2
hsa-miR-4676-3p,4,0,5,6,3,3
hsa-miR-4676-5p,34,6,16,24,11,14
hsa-miR-4677-3p,36,11,6,15,11,22
hsa-miR-4677-5p,117,62,23,108,49,82
hsa-miR-4680-3p,0,1,5,14,4,2
hsa-miR-4683,9,4,21,2,0,0
hsa-miR-4684-3p,6,2,0,1,3,3
hsa-miR-4685-3p,11,50,87,117,39,51
hsa-miR-4687-3p,23,11,129,11,38,16
hsa-miR-4687-5p,9,16,4,7,12,10
hsa-miR-4688,0,0,7,3,12,0
hsa-miR-4689,28,6,15,11,32,19
hsa-miR-4690-5p,5,3,1,5,0,3
hsa-miR-4695-3p,6,5,5,10,11,17
hsa-miR-4695-5p,1,0,1,0,2,4
hsa-miR-4698,2,0,0,0,2,4
hsa-miR-4700-5p,0,0,0,0,2,4
hsa-miR-4701-3p,1,0,24,11,12,9
hsa-miR-4701-5p,0,0,9,14,17,6
hsa-miR-4704-5p,7,4,3,2,1,2
hsa-miR-4706,5,0,20,4,3,1
hsa-miR-4707-3p,2,0,238,183,5,6
hsa-miR-4707-5p,0,0,17,23,0,0
hsa-miR-4708-3p,0,0,1,1,1,1
hsa-miR-4709-3p,0,0,2,0,1,2
hsa-miR-4710,2,2,18,3,12,7
hsa-miR-4713-3p,0,1,0,0,2,6
hsa-miR-4713-5p,0,0,0,0,78,68
hsa-miR-4714-3p,25,16,22,19,8,12
hsa-miR-4714-5p,1,1,0,0,1,0
hsa-miR-4716-3p,1,0,7,11,4,2
hsa-miR-4716-5p,0,0,0,7,1,0
hsa-miR-4717-3p,37,20,42,25,6,5
hsa-miR-4717-5p,2,7,4,4,1,1
hsa-miR-4721,0,1,57,0,2,0
hsa-miR-4722-5p,4,2,51,14,1,0
hsa-miR-4723-3p,0,0,4,6,2,2
hsa-miR-4723-5p,1,6,5,15,3,12
hsa-miR-4725-3p,30,14,101,60,219,95
hsa-miR-4725-5p,0,8,17,32,39,29
hsa-miR-4726-5p,1,3,14,11,12,9
hsa-miR-4727-5p,1,0,0,1,0,3
hsa-miR-4728-3p,16,24,108,61,13,14
hsa-miR-4728-5p,4,1,6,3,0,0
hsa-miR-4730,5,1,21,2,20,25
hsa-miR-4731-3p,5,0,5,5,7,4
hsa-miR-4731-5p,86,66,386,158,180,109
hsa-miR-4733-3p,1,0,1,0,2,9
hsa-miR-4733-5p,1,2,7,2,3,4
hsa-miR-4734,0,2,15,1,7,2
hsa-miR-4735-5p,1,0,0,0,0,1
hsa-miR-4737,0,1,1,0,0,0
hsa-miR-4738-3p,5,0,104,4,9,22
hsa-miR-4739,0,0,294,41,37,4
hsa-miR-4740-3p,0,0,3,0,0,1
hsa-miR-4741,9,7,161,11,62,53
hsa-miR-4742-3p,1,8,49,17,12,24
hsa-miR-4742-5p,0,1,0,1,4,0
hsa-miR-4743-3p,0,0,5,1,0,0
hsa-miR-4745-3p,0,0,194,4,23,5
hsa-miR-4745-5p,1,1,26,9,40,21
hsa-miR-4746-5p,36,26,0,25,5,17
hsa-miR-4747-3p,2,2,3,2,5,1
hsa-miR-4747-5p,15,6,11,22,15,20
hsa-miR-4748,30,11,34,9,42,13
hsa-miR-4749-3p,0,2,4,4,13,1
hsa-miR-4749-5p,2,5,12,11,13,3
hsa-miR-4750-3p,0,0,1,1,1,0
hsa-miR-4750-5p,1,1,10,7,12,7
hsa-miR-4751,0,0,2,3,2,7
hsa-miR-4752,0,0,3,2,0,0
hsa-miR-4753-3p,6,4,7,15,11,17
hsa-miR-4753-5p,8,0,5,10,1,2
hsa-miR-4754,0,0,2,0,1,2
hsa-miR-4755-3p,19,5,1,0,2,5
hsa-miR-4755-5p,47,30,30,11,17,32
hsa-miR-4756-3p,0,0,0,0,27,15
hsa-miR-4757-5p,2,1,2,1,0,1
hsa-miR-4758-3p,0,1,54,64,33,18
hsa-miR-4758-5p,0,0,342,9,36,4
hsa-miR-4761-3p,0,0,5,2,0,0
hsa-miR-4761-5p,0,0,3,1,0,0
hsa-miR-4762-3p,4,1,7,8,2,2
hsa-miR-4763-3p,0,0,91,2,1,1
hsa-miR-4763-5p,1,0,29,2,2,3
hsa-miR-4764-3p,0,2,0,0,2,2
hsa-miR-4764-5p,0,0,0,0,1,3
hsa-miR-4766-3p,28,7,6,6,2,3
hsa-miR-4766-5p,8,2,3,0,0,0
hsa-miR-4767,15,4,31,32,11,10
hsa-miR-4768-5p,94,29,167,57,7,6
hsa-miR-4769-3p,3,3,2,11,6,3
hsa-miR-4769-5p,3,1,0,0,1,0
hsa-miR-4774-5p,1,0,0,0,0,1
hsa-miR-4775,159,79,79,72,47,26
hsa-miR-4778-3p,0,0,0,0,1,2
hsa-miR-4778-5p,0,0,0,0,2,1
hsa-miR-4779,3,2,3,9,4,3
hsa-miR-4781-3p,3,5,1,8,2,6
hsa-miR-4781-5p,1,1,1,7,1,2
hsa-miR-4783-3p,3,1,66,55,2,11
hsa-miR-4784,4,1,8,3,4,2
hsa-miR-4785,1,2,24,3,7,10
hsa-miR-4786-3p,2,0,1,2,1,0
hsa-miR-4786-5p,7,3,10,2,4,2
hsa-miR-4787-3p,384,61,61,60,33,62
hsa-miR-4787-5p,9,0,0,2,2,0
hsa-miR-4788,38,10,0,4,0,0
hsa-miR-4791,94,49,121,41,26,28
hsa-miR-4793-3p,2,2,0,2,0,0
hsa-miR-4795-3p,6,4,2,21,4,5
hsa-miR-4795-5p,1,1,0,4,3,2
hsa-miR-4796-3p,0,4,5,107,23,38
hsa-miR-4796-5p,1,6,0,86,13,14
hsa-miR-4797-3p,45,14,2,6,6,6
hsa-miR-4797-5p,39,8,1,1,0,2
hsa-miR-4799-3p,0,1,0,0,1,1
hsa-miR-4799-5p,24,14,23,8,6,2
hsa-miR-4802-3p,0,0,6,3,29,23
hsa-miR-4802-5p,2,8,52,36,213,356
hsa-miR-4803,3,3,1,0,0,0
hsa-miR-4804-3p,7,4,26,20,8,22
hsa-miR-4804-5p,76,36,504,69,64,33
hsa-miR-483-3p,12,133,59,19,22,4
hsa-miR-483-5p,60,123,105,1,56,4
hsa-miR-484,7654,7159,26253,49201,14926,18594
hsa-miR-485-3p,193,168,2,0,0,3
hsa-miR-485-5p,1014,1847,24,2,2,3
hsa-miR-486-3p,108,193,2230,211,106,91
hsa-miR-486-5p,78,106,1705,210,209,329
hsa-miR-487a-3p,653,853,18,1,4,1
hsa-miR-487a-5p,105,477,5,0,0,2
hsa-miR-487b-3p,4897,7020,60,2,14,5
hsa-miR-487b-5p,19,25,2,0,0,0
hsa-miR-488-3p,65,24,39,898,1,17
hsa-miR-489-3p,3,8,5,10,1433,720
hsa-miR-490-3p,9,95,2,0,0,0
hsa-miR-490-5p,51,817,6,1,0,0
hsa-miR-491-3p,8,0,4,19,11,2
hsa-miR-491-5p,155,90,354,153,73,84
hsa-miR-493-3p,1805,2985,0,0,9,16
hsa-miR-493-5p,5770,6283,3,1,41,32
hsa-miR-494-3p,8291,2094,4,0,5,2
hsa-miR-494-5p,274,400,11,0,0,0
hsa-miR-495-3p,1165,331,22,1,6,2
hsa-miR-495-5p,101,116,5,0,0,0
hsa-miR-496,539,766,14,1,0,2
hsa-miR-497-3p,3,4,1,2,2,7
hsa-miR-497-5p,2758,5564,1224,1922,1706,3202
hsa-miR-4999-5p,4,5,15,24,4,6
hsa-miR-499a-3p,0,1,0,3,0,1
hsa-miR-499a-5p,365,653,1560,650,236,153
hsa-miR-499b-3p,2,1,4,3,5,3
hsa-miR-499b-5p,4,1,5,1,0,0
hsa-miR-5001-3p,14,4,125,33,30,71
hsa-miR-5001-5p,1,4,26,4,6,4
hsa-miR-5002-3p,1,4,0,0,0,1
hsa-miR-5002-5p,23,26,0,1,5,2
hsa-miR-5003-3p,16,15,33,2,5,17
hsa-miR-5003-5p,9,3,0,0,0,1
hsa-miR-5004-3p,1,2,3,2,0,0
hsa-miR-5004-5p,0,0,1,0,0,1
hsa-miR-5006-3p,1,1,8,6,4,1
hsa-miR-5008-3p,13,1,28,12,1,1
hsa-miR-5008-5p,25,8,20,11,0,0
hsa-miR-5009-5p,5,6,3,11,8,2
hsa-miR-500a-3p,1095,98,957,288,402,151
hsa-miR-500a-5p,332,83,77,527,163,191
hsa-miR-500b-3p,13,2,1,12,1,3
hsa-miR-500b-5p,72,19,20,176,44,83
hsa-miR-5010-3p,40,92,110,203,144,257
hsa-miR-5010-5p,27,41,59,48,114,43
hsa-miR-501-3p,699,121,984,603,313,307
hsa-miR-501-5p,103,30,117,221,188,122
hsa-miR-502-3p,877,114,352,277,246,222
hsa-miR-502-5p,161,21,54,79,78,41
hsa-miR-503-3p,310,176,1104,203,6,2
hsa-miR-503-5p,3696,1510,632,765,9,23
hsa-miR-504-3p,2,0,0,33,15,5
hsa-miR-504-5p,3,10,1,172,72,56
hsa-miR-505-3p,2949,969,1462,1770,1782,2256
hsa-miR-505-5p,1126,608,1467,652,1277,1002
hsa-miR-506-3p,1,1,0,0,0,1
hsa-miR-508-3p,3,2,0,8,2,0
hsa-miR-508-5p,4,1,1,2,0,2
hsa-miR-5088-3p,0,1,2,0,2,6
hsa-miR-5089-3p,2,1,1,21,0,1
hsa-miR-5089-5p,1,1,0,6,0,0
hsa-miR-5091,11,7,2,0,1,13
hsa-miR-509-3-5p,3,2,1,4,0,2
hsa-miR-509-3p,7,5,4,28,2,7
hsa-miR-5094,7,3,74,37,34,28
hsa-miR-5095,2,4,3,5,8,6
hsa-miR-5096,0,1,12,1,0,0
hsa-miR-5100,283,1742,1565,918,4746,3933
hsa-miR-511-3p,0,1,1,0,0,0
hsa-miR-511-5p,2,2,6,1,0,1
hsa-miR-513b-5p,0,0,0,4,6,0
hsa-miR-513c-5p,5,1,0,1,3,1
hsa-miR-514a-3p,2,0,0,2,0,1
hsa-miR-514a-5p,1,0,0,1,0,0
hsa-miR-516a-5p,1,1,25,98,1,2
hsa-miR-516b-5p,0,0,5,3,1,2
hsa-miR-517a-3p,2,0,2,3,1,1
hsa-miR-517b-3p,2,0,2,3,1,1
hsa-miR-5187-5p,3,5,45,13,15,2
hsa-miR-5188,1,1,0,4,1,5
hsa-miR-5189-3p,0,0,8,7,9,8
hsa-miR-518a-5p,3,0,4,4,0,1
hsa-miR-518b,1,0,4,2,0,0
hsa-miR-518e-5p,7,2,36,105,4,0
hsa-miR-5193,3,6,0,8,5,7
hsa-miR-5194,2,0,12,2,10,6
hsa-miR-5196-3p,0,0,0,25,11,27
hsa-miR-519a-3p,0,0,5,19,0,1
hsa-miR-519a-5p,7,2,36,105,4,0
hsa-miR-519b-5p,7,2,36,105,4,0
hsa-miR-519c-5p,7,2,36,105,4,0
hsa-miR-519d-3p,1,0,2,1,0,1
hsa-miR-520a-5p,1,0,0,1,0,0
hsa-miR-520d-5p,3,0,3,1,0,0
hsa-miR-520g-3p,1,0,0,1,0,1
hsa-miR-520h,1,0,0,1,0,1
hsa-miR-522-3p,7,11,229,414,2,10
hsa-miR-522-5p,7,2,36,105,4,0
hsa-miR-523-3p,1,0,2,1,0,1
hsa-miR-523-5p,7,2,36,105,4,0
hsa-miR-527,3,0,4,4,0,1
hsa-miR-532-3p,406,136,908,921,390,228
hsa-miR-532-5p,6258,7562,14633,30797,12609,17811
hsa-miR-539-3p,293,155,0,0,1,0
hsa-miR-539-5p,471,292,4,0,3,1
hsa-miR-541-3p,2,4,0,0,0,0
hsa-miR-541-5p,11,8,0,0,0,0
hsa-miR-542-3p,155,104,45,101,3,1
hsa-miR-542-5p,4013,4530,3128,3888,36,116
hsa-miR-543,864,1091,58,1,16,9
hsa-miR-544a,43,39,1,0,0,0
hsa-miR-544b,66,52,0,0,0,0
hsa-miR-545-3p,21,3,25,9,19,21
hsa-miR-545-5p,2,1,8,8,6,9
hsa-miR-548a-3p,17,3,1,2,30,31
hsa-miR-548a-5p,7,3,0,0,7,10
hsa-miR-548aa,203,30,11,33,16,15
hsa-miR-548ab,797,14,326,30,368,26
hsa-miR-548ac,11,3,1,0,4,0
hsa-miR-548ad-5p,1407,212,422,200,537,427
hsa-miR-548ae-3p,6,0,0,0,93,1
hsa-miR-548ae-5p,1407,212,422,200,537,427
hsa-miR-548ag,3,1,0,1,1,2
hsa-miR-548ah-3p,271,5,11,0,49,6
hsa-miR-548ah-5p,0,0,2,1,2,2
hsa-miR-548ai,23,13,1,4,15,24
hsa-miR-548aj-5p,115,32,38,21,86,114
hsa-miR-548ak,68,1,14,2,11,0
hsa-miR-548al,7,3,2,1,4,8
hsa-miR-548am-3p,58,12,2,1,27,16
hsa-miR-548am-5p,1151,129,337,124,373,114
hsa-miR-548an,2,1,6,6,18,23
hsa-miR-548ap-3p,135,14,1,20,15,9
hsa-miR-548ap-5p,278,144,113,18,145,126
hsa-miR-548aq-3p,384,111,15,40,69,49
hsa-miR-548aq-5p,147,11,55,4,22,7
hsa-miR-548ar-3p,3,1,0,1,2,1
hsa-miR-548ar-5p,113,28,36,18,83,112
hsa-miR-548as-5p,45,4,44,8,20,7
hsa-miR-548at-3p,2,3,0,0,2,1
hsa-miR-548at-5p,83,37,29,26,46,34
hsa-miR-548au-5p,1151,128,337,124,373,113
hsa-miR-548av-3p,268,49,11,14,49,46
hsa-miR-548av-5p,1006,945,1404,1345,1355,1617
hsa-miR-548aw,9,21,4,24,4,7
hsa-miR-548ax,21,11,2,8,3,2
hsa-miR-548ay-3p,32,3,7,6,7,10
hsa-miR-548ay-5p,1339,204,416,200,455,427
hsa-miR-548az-3p,174,0,6,0,23,1
hsa-miR-548az-5p,700,8,261,30,283,15
hsa-miR-548b-3p,264,42,0,0,9,10
hsa-miR-548b-5p,744,53,228,65,276,26
hsa-miR-548bb-3p,2,0,0,0,0,1
hsa-miR-548c-3p,3,0,0,1,0,3
hsa-miR-548c-5p,1151,129,337,124,373,114
hsa-miR-548d-3p,18,6,0,5,4,8
hsa-miR-548d-5p,1339,204,416,200,455,427
hsa-miR-548e-3p,67,28,6,121,29,28
hsa-miR-548e-5p,20,19,15,31,10,12
hsa-miR-548f-3p,198,6,9,11,32,6
hsa-miR-548f-5p,13,8,10,4,5,5
hsa-miR-548g-3p,6,1,1,1,3,2
hsa-miR-548g-5p,115,32,38,21,86,114
hsa-miR-548h-3p,501,168,196,299,184,290
hsa-miR-548h-5p,146,60,83,14,38,30
hsa-miR-548i,151,4,76,0,73,5
hsa-miR-548j-3p,11,2,0,1,1,0
hsa-miR-548j-5p,278,144,113,18,145,126
hsa-miR-548k,1007,945,1404,1345,1355,1617
hsa-miR-548l,45,38,143,40,123,156
hsa-miR-548m,1,1,0,0,0,2
hsa-miR-548n,973,23,237,29,294,102
hsa-miR-548o-3p,98,49,7,14,27,46
hsa-miR-548o-5p,1151,129,337,124,373,114
hsa-miR-548p,271,4,11,0,49,6
hsa-miR-548q,48,44,216,103,115,119
hsa-miR-548s,343,107,151,71,53,36
hsa-miR-548t-3p,203,30,11,33,16,15
hsa-miR-548t-5p,10,0,3,1,10,4
hsa-miR-548u,176,6,10,2,29,5
hsa-miR-548v,0,0,3,2,4,9
hsa-miR-548w,315,170,61,54,26,16
hsa-miR-548x-3p,4,0,0,3,97,49
hsa-miR-548x-5p,115,32,38,21,86,114
hsa-miR-548y,8,17,324,346,79,108
hsa-miR-548z,501,168,196,299,184,290
hsa-miR-549a,6,2,23,0,42,61
hsa-miR-550a-3-5p,1624,748,1576,1483,2344,2356
hsa-miR-550a-3p,23,14,3,48,70,106
hsa-miR-550a-5p,1633,751,1583,1496,2383,2372
hsa-miR-550b-2-5p,10,0,10,7,19,0
hsa-miR-550b-3p,0,0,0,1,2,0
hsa-miR-551a,5,0,0,17,3,6
hsa-miR-551b-3p,12,1,13,863,0,15
hsa-miR-551b-5p,0,1,22,527,0,12
hsa-miR-552-5p,1,1,1,0,1,1
hsa-miR-556-3p,189,32,21,52,204,209
hsa-miR-556-5p,108,28,9,25,43,61
hsa-miR-5580-3p,15,0,2,1,0,1
hsa-miR-5580-5p,90,38,4,1,4,11
hsa-miR-5581-3p,36,67,80,156,40,94
hsa-miR-5582-3p,153,68,172,250,140,213
hsa-miR-5582-5p,2,0,0,2,2,0
hsa-miR-5583-3p,0,0,5,2,5,5
hsa-miR-5584-3p,0,0,3,6,4,3
hsa-miR-5586-3p,3,1,2,0,0,0
hsa-miR-5586-5p,14,5,5,0,0,0
hsa-miR-5587-3p,0,0,3,4,4,2
hsa-miR-5588-5p,1,3,0,2,0,3
hsa-miR-561-3p,65,12,14,1,2,6
hsa-miR-561-5p,121,42,15,13,25,19
hsa-miR-5682,1,0,0,1,0,0
hsa-miR-5689,0,0,1,0,0,1
hsa-miR-569,2,1,0,0,0,0
hsa-miR-5690,5,0,0,2,1,2
hsa-miR-5692b,1,0,0,1,0,0
hsa-miR-5692c,1,0,0,1,0,0
hsa-miR-5695,4,14,10,18,1,8
hsa-miR-5696,1,1,11,23,2,1
hsa-miR-5697,27,10,17,19,19,11
hsa-miR-5698,9,0,7,0,1,4
hsa-miR-5699-3p,89,43,45,128,29,61
hsa-miR-5699-5p,43,12,19,16,2,10
hsa-miR-5701,2,1,1,2,2,0
hsa-miR-570-3p,185,41,1,19,103,140
hsa-miR-570-5p,23,13,1,4,15,24
hsa-miR-5706,0,2,3,0,0,0
hsa-miR-572,0,0,22,3,3,1
hsa-miR-573,12,3,31,0,6,22
hsa-miR-574-3p,8487,17330,22090,37764,10182,12758
hsa-miR-574-5p,10231,15228,47221,63262,27335,26585
hsa-miR-576-3p,2,1,0,0,1,0
hsa-miR-576-5p,1266,1565,1531,2090,1225,1996
hsa-miR-577,3,1,48,125,0,2
hsa-miR-579-3p,862,161,84,178,15,28
hsa-miR-579-5p,620,397,412,475,51,83
hsa-miR-580-3p,11,1,2,4,2,1
hsa-miR-581,2,4,0,3,1,1
hsa-miR-582-3p,14,5,33,587,39,55
hsa-miR-582-5p,329,679,11149,49301,2927,5144
hsa-miR-584-3p,35,13,66,95,61,75
hsa-miR-584-5p,1353,958,8458,6532,5223,2736
hsa-miR-585-3p,136,92,0,0,0,0
hsa-miR-585-5p,36,15,0,0,0,0
hsa-miR-586,1,1,0,0,0,0
hsa-miR-588,48,10,2,11,1,7
hsa-miR-589-3p,644,487,907,443,568,529
hsa-miR-589-5p,1043,1068,734,986,632,1343
hsa-miR-590-3p,25930,10731,13995,13305,22600,13321
hsa-miR-590-5p,585,87,21,120,253,202
hsa-miR-592,15,21,55,8,39,25
hsa-miR-597-3p,2,5,23,31,14,23
hsa-miR-597-5p,7,0,4,7,2,3
hsa-miR-598-3p,108,95,3,0,0,0
hsa-miR-600,0,0,3,1,2,5
hsa-miR-602,5,0,21,0,2,3
hsa-miR-605-3p,24,5,0,0,0,0
hsa-miR-605-5p,48,11,0,0,1,6
hsa-miR-607,0,0,1,0,1,1
hsa-miR-6087,1,3,70,3,7,1
hsa-miR-610,28,15,18,4,2,2
hsa-miR-6125,3,2,2,5,1,24
hsa-miR-6129,1,0,0,2,0,3
hsa-miR-6130,2,1,2,5,6,6
hsa-miR-615-3p,688,3773,11752,27534,932,1377
hsa-miR-615-5p,0,1,2,5,0,3
hsa-miR-616-3p,81,36,44,17,52,186
hsa-miR-616-5p,63,9,11,9,39,59
hsa-miR-618,18,14,0,0,90,207
hsa-miR-619-5p,1,1,1,0,1,2
hsa-miR-624-3p,38,12,3,6,8,7
hsa-miR-624-5p,292,178,163,114,62,175
hsa-miR-625-3p,3187,331,45,47,211,201
hsa-miR-625-5p,23072,8419,3494,850,6611,4546
hsa-miR-627-3p,12,3,0,6,1,2
hsa-miR-627-5p,261,60,53,71,100,82
hsa-miR-628-3p,177,244,2748,642,187,583
hsa-miR-628-5p,113,39,137,260,32,64
hsa-miR-629-3p,504,216,282,553,260,400
hsa-miR-629-5p,2539,522,253,2722,1737,1193
hsa-miR-636,19,34,493,80,101,190
hsa-miR-641,2,2,5,6,4,9
hsa-miR-642a-3p,127,108,89,74,347,163
hsa-miR-642a-5p,91,347,170,225,827,786
hsa-miR-642b-3p,86,3,42,2,216,15
hsa-miR-642b-5p,83,42,158,15,759,38
hsa-miR-643,95,39,137,53,48,101
hsa-miR-6500-3p,30,18,175,10,8,14
hsa-miR-6501-3p,0,1,4,2,2,1
hsa-miR-6501-5p,0,0,4,1,2,2
hsa-miR-6502-5p,1,1,0,0,0,0
hsa-miR-6505-3p,0,0,12,4,1,1
hsa-miR-6505-5p,0,3,25,17,12,8
hsa-miR-6507-5p,0,0,2,1,0,1
hsa-miR-6508-3p,1,1,0,4,0,2
hsa-miR-6509-3p,13,19,28,15,7,14
hsa-miR-6509-5p,22,15,15,5,8,6
hsa-miR-6510-3p,0,0,0,8,8,3
hsa-miR-6511a-3p,13,39,170,141,108,113
hsa-miR-6511a-5p,10,2,63,14,17,16
hsa-miR-6511b-3p,28,58,255,136,149,94
hsa-miR-6511b-5p,16,7,89,36,36,45
hsa-miR-6513-3p,14,10,8,22,8,10
hsa-miR-6513-5p,5,10,4,26,16,25
hsa-miR-651-3p,17,4,0,15,0,0
hsa-miR-6514-3p,4,8,11,6,9,2
hsa-miR-6514-5p,8,15,90,24,17,10
hsa-miR-6515-3p,0,1,1,0,0,3
hsa-miR-6515-5p,0,2,0,3,5,6
hsa-miR-651-5p,370,207,17,662,0,15
hsa-miR-652-3p,7075,9249,39080,40686,44360,71820
hsa-miR-652-5p,239,144,362,421,1121,407
hsa-miR-653-3p,1,5,7,3,936,397
hsa-miR-653-5p,1,0,0,1,269,65
hsa-miR-654-3p,16211,23819,89,9,12,19
hsa-miR-654-5p,674,2010,21,0,1,3
hsa-miR-655-3p,1626,245,0,0,0,0
hsa-miR-655-5p,46,29,0,0,0,0
hsa-miR-656-3p,1897,2527,1,0,1,2
hsa-miR-656-5p,11,36,0,0,0,0
hsa-miR-659-3p,4,2,14,8,6,1
hsa-miR-659-5p,11,1,0,4,0,2
hsa-miR-660-3p,18,6,7,30,10,14
hsa-miR-661,0,0,2,1,1,0
hsa-miR-662,0,0,99,67,0,1
hsa-miR-663a,1,5,2,3,0,0
hsa-miR-663b,19,23,38,31,11,161
hsa-miR-664a-3p,140,71,93,112,225,196
hsa-miR-664a-5p,1,0,2,0,1,1
hsa-miR-664b-3p,1,4,3,3,5,2
hsa-miR-664b-5p,2,1,8,0,3,3
hsa-miR-665,33,36,0,0,0,0
hsa-miR-668-3p,4,29,0,0,0,1
hsa-miR-671-3p,160,195,65,615,131,211
hsa-miR-671-5p,3184,1946,4899,5166,8661,2678
hsa-miR-6716-3p,1,4,10,13,5,9
hsa-miR-6716-5p,0,1,7,3,3,0
hsa-miR-6720-3p,0,2,123,91,1,3
hsa-miR-6720-5p,6,14,2993,879,31,18
hsa-miR-6721-5p,5,14,87,23,33,18
hsa-miR-6723-5p,0,3,3,5,0,2
hsa-miR-6724-5p,123,56,171,133,54,77
hsa-miR-6726-3p,1,3,1,5,7,37
hsa-miR-6726-5p,3,2,47,7,10,14
hsa-miR-6727-3p,1,0,2,0,2,4
hsa-miR-6727-5p,3,4,0,7,5,4
hsa-miR-6728-5p,0,1,179,1,9,2
hsa-miR-6729-5p,2,0,7,14,1,1
hsa-miR-6730-3p,0,0,0,0,1,3
hsa-miR-6730-5p,0,0,36,5,44,19
hsa-miR-6732-3p,0,4,29,23,11,16
hsa-miR-6732-5p,0,2,18,12,5,2
hsa-miR-6733-3p,0,0,2,3,1,5
hsa-miR-6733-5p,0,1,1,3,2,1
hsa-miR-6734-5p,20,12,14,18,54,14
hsa-miR-6735-3p,0,0,1,1,3,3
hsa-miR-6735-5p,2,3,9,9,7,9
hsa-miR-6736-5p,0,4,23,5,20,20
hsa-miR-6737-3p,1,1,0,1,1,3
hsa-miR-6737-5p,0,0,19,3,4,0
hsa-miR-6738-3p,2,0,6,2,2,6
hsa-miR-6738-5p,0,0,2,0,5,3
hsa-miR-6739-3p,1,1,0,2,0,4
hsa-miR-6739-5p,0,0,1,2,0,0
hsa-miR-6740-3p,0,0,1,2,1,1
hsa-miR-6740-5p,0,1,10,1,3,2
hsa-miR-6741-3p,1,2,3,17,3,4
hsa-miR-6741-5p,7,3,12,22,21,11
hsa-miR-6742-5p,0,3,12,2,1,2
hsa-miR-6743-3p,1,6,9,10,11,5
hsa-miR-6743-5p,1,2,8,0,0,1
hsa-miR-6744-3p,0,0,0,5,3,2
hsa-miR-6744-5p,0,0,0,15,9,7
hsa-miR-6745,0,0,1,0,0,1
hsa-miR-6746-3p,10,12,87,51,3,6
hsa-miR-6746-5p,7,20,117,24,7,2
hsa-miR-6747-3p,4,1,11,11,4,5
hsa-miR-6748-3p,0,0,3,2,1,3
hsa-miR-6748-5p,0,0,8,1,1,0
hsa-miR-6749-3p,3,4,19,13,6,5
hsa-miR-6749-5p,6,1,2,2,3,0
hsa-miR-6750-5p,0,0,0,1,1,1
hsa-miR-6751-5p,1,1,85,6,14,8
hsa-miR-6752-3p,0,0,0,1,2,1
hsa-miR-6753-3p,0,0,3,7,5,10
hsa-miR-675-3p,0,131,14606,8134,14294,8117
hsa-miR-6754-3p,0,0,2,1,1,2
hsa-miR-6755-3p,1,0,1,1,1,4
hsa-miR-6755-5p,2,3,8,6,2,2
hsa-miR-675-5p,0,33,24073,4597,13561,2088
hsa-miR-6756-3p,0,1,35,9,0,0
hsa-miR-6757-3p,0,1,14,2,9,5
hsa-miR-6758-3p,0,1,12,0,0,0
hsa-miR-6759-3p,0,0,0,1,1,0
hsa-miR-6759-5p,0,1,8,1,3,4
hsa-miR-6761-3p,1,0,0,2,13,22
hsa-miR-6762-3p,1,0,2,2,11,4
hsa-miR-6762-5p,0,0,7,1,6,3
hsa-miR-6763-3p,0,1,7,2,0,1
hsa-miR-6763-5p,2,4,57,11,20,1
hsa-miR-676-3p,191,97,2,60,47,79
hsa-miR-6764-3p,0,0,5,3,1,3
hsa-miR-6764-5p,0,2,13,7,2,3
hsa-miR-6765-3p,0,0,8,1,1,0
hsa-miR-6765-5p,0,0,65,3,1,0
hsa-miR-676-5p,3,0,1,1,1,3
hsa-miR-6766-3p,21,20,48,78,18,32
hsa-miR-6766-5p,2,2,9,1,1,2
hsa-miR-6767-5p,1,6,29,14,13,11
hsa-miR-6768-5p,6,2,608,9,26,10
hsa-miR-6769a-5p,0,0,11,5,5,6
hsa-miR-6769b-5p,0,1,5,0,1,0
hsa-miR-6770-3p,6,2,7,13,3,13
hsa-miR-6770-5p,11,2,38,18,26,18
hsa-miR-6771-3p,0,0,1,3,4,0
hsa-miR-6771-5p,0,1,2,7,4,1
hsa-miR-6772-3p,0,3,37,6,8,10
hsa-miR-6772-5p,0,1,1,1,0,0
hsa-miR-6773-5p,0,0,1,11,0,2
hsa-miR-6775-3p,0,0,1,15,1,3
hsa-miR-6775-5p,0,0,10,1,1,0
hsa-miR-6776-3p,0,1,4,5,4,5
hsa-miR-6776-5p,0,0,1,1,2,2
hsa-miR-6777-3p,0,0,4,5,9,1
hsa-miR-6777-5p,3,1,57,15,55,19
hsa-miR-6778-5p,1,0,0,0,1,1
hsa-miR-6779-3p,1,3,1,8,1,2
hsa-miR-6779-5p,9,3,11,5,17,2
hsa-miR-6780a-5p,2,4,8,3,5,6
hsa-miR-6780b-3p,0,3,14,6,11,4
hsa-miR-6780b-5p,0,4,41,4,10,3
hsa-miR-6781-5p,1,1,2,5,5,1
hsa-miR-6782-5p,0,0,4,2,1,0
hsa-miR-6783-3p,0,0,0,5,3,2
hsa-miR-6783-5p,4,10,10,15,11,14
hsa-miR-6784-5p,0,0,4,0,0,1
hsa-miR-6785-5p,1,0,3,1,5,3
hsa-miR-6786-3p,4,3,14,11,14,17
hsa-miR-6786-5p,1,2,3,1,1,3
hsa-miR-6787-3p,0,1,9,2,6,3
hsa-miR-6787-5p,0,1,12,2,10,2
hsa-miR-6788-3p,4,11,0,38,14,16
hsa-miR-6788-5p,1,3,0,1,1,0
hsa-miR-6789-3p,1,0,79,10,6,2
hsa-miR-6789-5p,3,2,173,5,6,0
hsa-miR-6790-5p,0,0,5,1,1,0
hsa-miR-6791-3p,0,0,2,4,0,1
hsa-miR-6791-5p,0,0,0,3,2,0
hsa-miR-6792-3p,1,0,0,1,5,2
hsa-miR-6792-5p,0,0,0,0,4,1
hsa-miR-6793-3p,0,1,5,2,3,3
hsa-miR-6793-5p,10,6,37,5,32,10
hsa-miR-6794-3p,1,5,1,7,0,0
hsa-miR-6794-5p,2,2,2,1,1,1
hsa-miR-6795-3p,1,1,0,2,0,0
hsa-miR-6795-5p,0,3,2,1,0,0
hsa-miR-6796-5p,1,0,16,5,10,3
hsa-miR-6797-3p,1,3,10,41,57,44
hsa-miR-6797-5p,0,0,0,1,1,0
hsa-miR-6798-3p,1,0,1,1,6,1
hsa-miR-6798-5p,1,0,1,0,1,1
hsa-miR-6799-3p,3,0,2,1,5,14
hsa-miR-6799-5p,2,0,31,3,15,0
hsa-miR-6800-3p,0,0,21,5,5,2
hsa-miR-6800-5p,0,1,192,9,14,8
hsa-miR-6801-3p,2,0,0,3,1,1
hsa-miR-6801-5p,1,0,0,3,4,3
hsa-miR-6802-3p,12,8,8,23,16,21
hsa-miR-6802-5p,0,0,6,3,12,0
hsa-miR-6803-3p,5,26,27,45,40,50
hsa-miR-6803-5p,0,0,2,1,0,0
hsa-miR-6804-5p,3,1,62,14,78,39
hsa-miR-6805-3p,0,0,2,0,0,2
hsa-miR-6805-5p,2,3,71,15,24,12
hsa-miR-6807-3p,0,0,19,1,0,0
hsa-miR-6807-5p,0,0,22,3,5,6
hsa-miR-6808-3p,0,0,1,3,0,1
hsa-miR-6809-5p,0,2,1,0,0,0
hsa-miR-6810-3p,0,1,4,11,1,1
hsa-miR-6810-5p,0,2,61,18,9,4
hsa-miR-6812-3p,1,3,11,8,6,10
hsa-miR-6813-3p,2,0,3,6,2,1
hsa-miR-6813-5p,3,0,18,3,5,2
hsa-miR-6814-3p,0,0,0,0,11,12
hsa-miR-6814-5p,0,0,0,0,4,4
hsa-miR-6815-5p,24,34,10,33,34,28
hsa-miR-6816-3p,1,0,2,4,1,1
hsa-miR-6817-3p,1,0,4,1,1,1
hsa-miR-6818-3p,3,2,3,2,1,2
hsa-miR-6818-5p,2,1,0,1,3,7
hsa-miR-6819-3p,1,7,13,1,11,8
hsa-miR-6819-5p,0,1,1,0,2,0
hsa-miR-6820-3p,4,0,6,5,2,7
hsa-miR-6820-5p,8,19,94,35,15,25
hsa-miR-6821-5p,1,1,170,4,5,4
hsa-miR-6822-5p,2,0,0,0,0,2
hsa-miR-6823-3p,1,1,22,1,2,0
hsa-miR-6823-5p,4,0,93,3,21,1
hsa-miR-6824-3p,7,15,40,32,5,9
hsa-miR-6824-5p,7,5,35,4,4,0
hsa-miR-6825-3p,0,0,4,9,0,1
hsa-miR-6825-5p,1,3,147,47,19,12
hsa-miR-6826-3p,0,0,37,39,2,5
hsa-miR-6827-3p,3,3,1,5,0,0
hsa-miR-6827-5p,0,5,4,22,2,9
hsa-miR-6829-3p,1,0,1,1,1,0
hsa-miR-6830-3p,0,2,10,2,3,1
hsa-miR-6833-3p,1,0,0,2,1,0
hsa-miR-6834-5p,0,0,34,1,1,0
hsa-miR-6835-5p,0,0,0,2,3,2
hsa-miR-6836-5p,1,3,12,7,23,9
hsa-miR-6837-3p,0,0,1,4,3,5
hsa-miR-6837-5p,2,3,55,12,20,7
hsa-miR-6838-5p,2,0,0,1,3,2
hsa-miR-6839-5p,1,2,1,0,0,3
hsa-miR-6840-5p,3,0,2,0,7,2
hsa-miR-6842-3p,1,5,143,18,52,39
hsa-miR-6842-5p,1,0,1,3,0,2
hsa-miR-6843-3p,0,0,9,1,2,1
hsa-miR-6844,0,0,2,0,1,1
hsa-miR-6845-3p,0,0,3,0,0,1
hsa-miR-6846-3p,0,0,1,1,3,3
hsa-miR-6846-5p,0,0,0,3,3,4
hsa-miR-6847-3p,0,0,1,0,1,2
hsa-miR-6847-5p,1,0,9,2,10,10
hsa-miR-6848-3p,0,0,0,3,1,1
hsa-miR-6848-5p,0,1,56,3,11,4
hsa-miR-6849-3p,0,0,3,2,3,0
hsa-miR-6850-5p,3,2,101,2,141,85
hsa-miR-6851-3p,3,0,5,4,2,3
hsa-miR-6851-5p,1,8,66,21,17,17
hsa-miR-6852-5p,3,2,8,7,14,4
hsa-miR-6853-3p,0,0,2,0,1,1
hsa-miR-6854-5p,0,0,0,1,1,0
hsa-miR-6855-5p,3,2,39,12,12,4
hsa-miR-6856-3p,0,0,2,3,0,1
hsa-miR-6857-5p,0,0,72,5,2,2
hsa-miR-6858-3p,1,2,24,16,2,2
hsa-miR-6858-5p,8,0,93,5,14,4
hsa-miR-6859-3p,0,0,2,1,0,0
hsa-miR-6859-5p,1,0,9,0,2,1
hsa-miR-6860,0,0,261,54,4,2
hsa-miR-6861-3p,0,0,0,1,1,0
hsa-miR-6861-5p,0,1,4,0,1,0
hsa-miR-6862-5p,2,1,9,6,4,3
hsa-miR-6865-3p,0,0,1,0,0,1
hsa-miR-6866-5p,2,8,4,5,18,3
hsa-miR-6868-3p,0,2,3,1,0,1
hsa-miR-6869-5p,12,7,17,1,14,3
hsa-miR-6870-3p,0,0,0,4,13,17
hsa-miR-6871-3p,0,0,0,0,3,3
hsa-miR-6872-3p,0,0,66,31,1,2
hsa-miR-6872-5p,0,0,19,10,0,4
hsa-miR-6873-3p,0,1,6,9,2,3
hsa-miR-6873-5p,1,2,0,2,5,1
hsa-miR-6874-5p,0,1,6,1,1,1
hsa-miR-6875-3p,1,2,9,20,19,34
hsa-miR-6875-5p,0,1,6,11,21,13
hsa-miR-6876-3p,0,0,1,1,0,1
hsa-miR-6876-5p,1,1,11,4,1,1
hsa-miR-6877-3p,0,0,1,3,0,0
hsa-miR-6877-5p,9,4,24,52,59,36
hsa-miR-6878-5p,0,2,1,0,4,2
hsa-miR-6879-3p,3,0,4,0,0,2
hsa-miR-6879-5p,0,1,2,0,0,0
hsa-miR-6880-3p,7,20,36,20,14,18
hsa-miR-6880-5p,1,2,15,5,7,2
hsa-miR-6881-3p,0,1,1,6,0,2
hsa-miR-6882-3p,0,1,15,4,3,4
hsa-miR-6882-5p,0,1,8,2,2,1
hsa-miR-6883-3p,2,0,1,1,0,0
hsa-miR-6884-3p,0,0,2,5,1,1
hsa-miR-6884-5p,2,1,31,2,10,2
hsa-miR-6885-3p,5,0,0,2,3,3
hsa-miR-6885-5p,0,0,4,1,3,4
hsa-miR-6886-3p,0,0,4,20,26,5
hsa-miR-6886-5p,0,0,7,4,7,3
hsa-miR-6887-3p,0,0,0,1,1,0
hsa-miR-6889-3p,0,1,0,0,1,0
hsa-miR-6889-5p,2,4,6,1,5,3
hsa-miR-6890-5p,0,0,11,3,2,1
hsa-miR-6891-3p,0,0,1,2,0,0
hsa-miR-6891-5p,9,5,83,9,2,0
hsa-miR-6893-3p,0,0,1,0,0,1
hsa-miR-6893-5p,0,0,5,0,6,4
hsa-miR-6894-3p,5,11,18,43,4,5
hsa-miR-6894-5p,2,2,26,19,7,2
hsa-miR-6895-3p,0,0,8,6,1,0
hsa-miR-6895-5p,2,0,12,16,1,3
hsa-miR-708-3p,17,7,0,1,0,0
hsa-miR-708-5p,1446,383,10,7,3,15
hsa-miR-7106-3p,0,0,4,1,0,0
hsa-miR-7106-5p,0,0,6,0,0,1
hsa-miR-7107-3p,0,0,1,1,0,0
hsa-miR-7107-5p,0,0,8,1,0,0
hsa-miR-7108-3p,0,0,9,2,0,3
hsa-miR-7108-5p,8,1,415,6,9,7
hsa-miR-7109-3p,0,4,24,22,10,2
hsa-miR-7109-5p,0,1,2,2,0,0
hsa-miR-7110-3p,0,0,1,5,0,1
hsa-miR-7110-5p,0,0,6,5,3,1
hsa-miR-7111-3p,0,0,0,4,2,5
hsa-miR-7111-5p,0,1,27,3,15,3
hsa-miR-7112-3p,0,3,7,8,9,9
hsa-miR-7113-5p,3,3,34,20,6,4
hsa-miR-7114-3p,2,3,0,1,6,0
hsa-miR-7114-5p,4,7,47,23,36,36
hsa-miR-7-1-3p,2963,2551,3449,8766,1375,3369
hsa-miR-7155-3p,2,0,0,1,0,0
hsa-miR-7-2-3p,24,23,2,4,2,7
hsa-miR-744-3p,307,509,730,1359,1119,1743
hsa-miR-744-5p,4008,4125,15202,11079,20410,8501
hsa-miR-758-3p,1403,1783,7,0,1,2
hsa-miR-758-5p,141,268,6,0,0,0
hsa-miR-7-5p,36280,33914,76825,249246,295259,178968
hsa-miR-760,75,72,2945,1717,482,555
hsa-miR-765,1,0,1,3,10,16
hsa-miR-766-3p,896,526,2196,1970,52,50
hsa-miR-766-5p,64,36,362,114,7,2
hsa-miR-767-3p,832,1922,88,3471,3,95
hsa-miR-767-5p,4334,5379,318,17446,7,365
hsa-miR-769-3p,363,680,1807,1550,1533,2854
hsa-miR-769-5p,1299,778,391,774,910,1531
hsa-miR-7703,2,1,5,4,3,0
hsa-miR-7705,0,0,1,3,0,4
hsa-miR-770-5p,197,149,0,0,0,0
hsa-miR-7706,71,103,5388,827,325,491
hsa-miR-7845-5p,38,28,58,4,10,11
hsa-miR-7846-3p,2,3,0,2,0,3
hsa-miR-7850-5p,0,0,0,0,2,2
hsa-miR-7974,41,21,33,8,24,33
hsa-miR-7976,61,22,5,46,16,12
hsa-miR-7977,1344,8716,6776,6749,5482,3141
hsa-miR-8072,0,6,11,7,12,4
hsa-miR-873-5p,1,0,4,93,0,2
hsa-miR-874-3p,1233,532,548,1117,1705,932
hsa-miR-874-5p,40,40,81,31,104,48
hsa-miR-876-3p,0,0,14,241,0,0
hsa-miR-877-3p,3,7,75,43,14,23
hsa-miR-877-5p,299,270,36753,2494,3200,1928
hsa-miR-885-3p,0,1,1,0,0,0
hsa-miR-885-5p,5,5,0,0,1,0
hsa-miR-887-3p,1005,554,3,0,0,0
hsa-miR-887-5p,16,24,0,0,0,0
hsa-miR-888-5p,1017,944,7,65,2,2
hsa-miR-889-5p,36,118,5,0,0,0
hsa-miR-890,223,175,1,13,0,1
hsa-miR-891a-3p,59,62,0,0,0,0
hsa-miR-891a-5p,1462,3413,37,56,4,4
hsa-miR-891b,97,68,1,8,0,1
hsa-miR-892a,93,114,3,6,1,0
hsa-miR-892b,241,126,0,10,0,0
hsa-miR-892c-3p,9,5,0,0,0,0
hsa-miR-892c-5p,87,18,3,0,0,0
hsa-miR-92a-1-5p,0,0,2,8,1,4
hsa-miR-92a-3p,130431,262821,824139,989276,198593,229177
hsa-miR-92b-3p,29854,55325,169776,337554,127936,131296
hsa-miR-92b-5p,1675,2123,17005,6565,3576,1772
hsa-miR-933,5,1,2,6,8,13
hsa-miR-93-3p,475,192,164,458,676,1093
hsa-miR-935,6802,7755,7892,5128,1434,1770
hsa-miR-93-5p,30072,61852,84267,98072,192181,439871
hsa-miR-937-3p,20,22,161,47,135,146
hsa-miR-937-5p,9,2,13,7,8,10
hsa-miR-939-3p,0,1,0,5,3,4
hsa-miR-939-5p,7,13,34,30,46,16
hsa-miR-9-3p,146,179,27,29,84,39
hsa-miR-940,794,385,417,1511,1587,1066
hsa-miR-941,2773,2635,4376,7518,981,2248
hsa-miR-942-3p,706,358,501,327,132,267
hsa-miR-942-5p,2319,1883,4001,1909,696,1551
hsa-miR-943,4,1,7,4,3,4
hsa-miR-95-3p,1893,1125,1277,3151,80,124
hsa-miR-95-5p,14,4,2,14,0,0
hsa-miR-9-5p,752,1361,190,167,236,170
hsa-miR-96-3p,53,12,85,69,24,164
hsa-miR-96-5p,10387,6306,23912,32929,21478,38525
hsa-miR-98-3p,79,56,122,552,97,98
hsa-miR-98-5p,15291,16296,156123,109645,59404,34595
hsa-miR-99a-3p,0,0,2,1,2,4
hsa-miR-99a-5p,1,267,477,865,719,1074
hsa-miR-99b-3p,7,10,21,27,8,19
hsa-miR-99b-5p,184,1325,6905,2316,522,1024
